Year,Temperature Change
1999,0.755
2000,1.0
2001,0.784
2002,0.953
2003,0.992
2004,0.866
2005,1.157
2006,1.028
2007,1.147
2008,0.215
2009,0.399
2010,0.694
2011,0.539
2012,1.451
2013,0.618
2014,0.504
2015,1.534
2016,2.229
2017,1.437
2018,1.278
2019,1.04
